name,type,path
CMDx,Module,CMDx.md
CMDx.configuration,Method,CMDx.md#method-i-configuration
CMDx.configure,Method,CMDx.md#method-i-configure
CMDx.gem_path,Method,CMDx.md#method-i-gem_path
CMDx.reset_configuration!,Method,CMDx.md#method-i-reset_configuration!
CMDx.configuration,Method,CMDx.md#method-c-configuration
CMDx.configure,Method,CMDx.md#method-c-configure
CMDx.gem_path,Method,CMDx.md#method-c-gem_path
CMDx.reset_configuration!,Method,CMDx.md#method-c-reset_configuration!
CMDx::Locale,Module,CMDx/Locale.md
CMDx::Locale.translate,Method,CMDx/Locale.md#method-i-translate
CMDx::Locale.translate,Method,CMDx/Locale.md#method-c-translate
CMDx::Workflow,Module,CMDx/Workflow.md
CMDx::Workflow.work,Method,CMDx/Workflow.md#method-i-work
CMDx::Workflow.included,Method,CMDx/Workflow.md#method-c-included
CMDx::Workflow::ClassMethods,Module,CMDx/Workflow/ClassMethods.md
CMDx::Workflow::ClassMethods.method_added,Method,CMDx/Workflow/ClassMethods.md#method-i-method_added
CMDx::Workflow::ClassMethods.pipeline,Method,CMDx/Workflow/ClassMethods.md#method-i-pipeline
CMDx::Workflow::ClassMethods.tasks,Method,CMDx/Workflow/ClassMethods.md#method-i-tasks
CMDx::Deprecator,Module,CMDx/Deprecator.md
CMDx::Deprecator.restrict,Method,CMDx/Deprecator.md#method-i-restrict
CMDx::Deprecator.restrict,Method,CMDx/Deprecator.md#method-c-restrict
CMDx::Identifier,Module,CMDx/Identifier.md
CMDx::Identifier.generate,Method,CMDx/Identifier.md#method-i-generate
CMDx::Identifier.generate,Method,CMDx/Identifier.md#method-c-generate
CMDx::Utils,Module,CMDx/Utils.md
CMDx::Utils::Call,Module,CMDx/Utils/Call.md
CMDx::Utils::Call.invoke,Method,CMDx/Utils/Call.md#method-i-invoke
CMDx::Utils::Call.invoke,Method,CMDx/Utils/Call.md#method-c-invoke
CMDx::Utils::Format,Module,CMDx/Utils/Format.md
CMDx::Utils::Format.to_log,Method,CMDx/Utils/Format.md#method-i-to_log
CMDx::Utils::Format.to_str,Method,CMDx/Utils/Format.md#method-i-to_str
CMDx::Utils::Format.to_log,Method,CMDx/Utils/Format.md#method-c-to_log
CMDx::Utils::Format.to_str,Method,CMDx/Utils/Format.md#method-c-to_str
CMDx::Coercions,Module,CMDx/Coercions.md
CMDx::Coercions::Date,Module,CMDx/Coercions/Date.md
CMDx::Coercions::Date.call,Method,CMDx/Coercions/Date.md#method-i-call
CMDx::Coercions::Date.call,Method,CMDx/Coercions/Date.md#method-c-call
CMDx::Coercions::Hash,Module,CMDx/Coercions/Hash.md
CMDx::Coercions::Hash.call,Method,CMDx/Coercions/Hash.md#method-i-call
CMDx::Coercions::Hash.call,Method,CMDx/Coercions/Hash.md#method-c-call
CMDx::Coercions::Time,Module,CMDx/Coercions/Time.md
CMDx::Coercions::Time.call,Method,CMDx/Coercions/Time.md#method-i-call
CMDx::Coercions::Time.call,Method,CMDx/Coercions/Time.md#method-c-call
CMDx::Coercions::Array,Module,CMDx/Coercions/Array.md
CMDx::Coercions::Array.call,Method,CMDx/Coercions/Array.md#method-i-call
CMDx::Coercions::Array.call,Method,CMDx/Coercions/Array.md#method-c-call
CMDx::Coercions::Float,Module,CMDx/Coercions/Float.md
CMDx::Coercions::Float.call,Method,CMDx/Coercions/Float.md#method-i-call
CMDx::Coercions::Float.call,Method,CMDx/Coercions/Float.md#method-c-call
CMDx::Utils::Condition,Module,CMDx/Utils/Condition.md
CMDx::Utils::Condition.evaluate,Method,CMDx/Utils/Condition.md#method-i-evaluate
CMDx::Utils::Condition.evaluate,Method,CMDx/Utils/Condition.md#method-c-evaluate
CMDx::Coercions::String,Module,CMDx/Coercions/String.md
CMDx::Coercions::String.call,Method,CMDx/Coercions/String.md#method-i-call
CMDx::Coercions::String.call,Method,CMDx/Coercions/String.md#method-c-call
CMDx::Coercions::Symbol,Module,CMDx/Coercions/Symbol.md
CMDx::Coercions::Symbol.call,Method,CMDx/Coercions/Symbol.md#method-i-call
CMDx::Coercions::Symbol.call,Method,CMDx/Coercions/Symbol.md#method-c-call
CMDx::Coercions::Boolean,Module,CMDx/Coercions/Boolean.md
CMDx::Coercions::Boolean.call,Method,CMDx/Coercions/Boolean.md#method-i-call
CMDx::Coercions::Boolean.call,Method,CMDx/Coercions/Boolean.md#method-c-call
CMDx::Coercions::Complex,Module,CMDx/Coercions/Complex.md
CMDx::Coercions::Complex.call,Method,CMDx/Coercions/Complex.md#method-i-call
CMDx::Coercions::Complex.call,Method,CMDx/Coercions/Complex.md#method-c-call
CMDx::Coercions::Integer,Module,CMDx/Coercions/Integer.md
CMDx::Coercions::Integer.call,Method,CMDx/Coercions/Integer.md#method-i-call
CMDx::Coercions::Integer.call,Method,CMDx/Coercions/Integer.md#method-c-call
CMDx::Validators,Module,CMDx/Validators.md
CMDx::Validators::Format,Module,CMDx/Validators/Format.md
CMDx::Validators::Format.call,Method,CMDx/Validators/Format.md#method-i-call
CMDx::Validators::Format.call,Method,CMDx/Validators/Format.md#method-c-call
CMDx::Validators::Length,Module,CMDx/Validators/Length.md
CMDx::Validators::Length.call,Method,CMDx/Validators/Length.md#method-i-call
CMDx::Validators::Length.call,Method,CMDx/Validators/Length.md#method-c-call
CMDx::Coercions::Rational,Module,CMDx/Coercions/Rational.md
CMDx::Coercions::Rational.call,Method,CMDx/Coercions/Rational.md#method-i-call
CMDx::Coercions::Rational.call,Method,CMDx/Coercions/Rational.md#method-c-call
CMDx::LogFormatters,Module,CMDx/LogFormatters.md
CMDx::Validators::Numeric,Module,CMDx/Validators/Numeric.md
CMDx::Validators::Numeric.call,Method,CMDx/Validators/Numeric.md#method-i-call
CMDx::Validators::Numeric.call,Method,CMDx/Validators/Numeric.md#method-c-call
CMDx::Coercions::DateTime,Module,CMDx/Coercions/DateTime.md
CMDx::Coercions::DateTime.call,Method,CMDx/Coercions/DateTime.md#method-i-call
CMDx::Coercions::DateTime.call,Method,CMDx/Coercions/DateTime.md#method-c-call
CMDx::Middlewares,Module,CMDx/Middlewares.md
CMDx::Middlewares::Runtime,Module,CMDx/Middlewares/Runtime.md
CMDx::Middlewares::Runtime.call,Method,CMDx/Middlewares/Runtime.md#method-i-call
CMDx::Middlewares::Runtime.call,Method,CMDx/Middlewares/Runtime.md#method-c-call
CMDx::Middlewares::Timeout,Module,CMDx/Middlewares/Timeout.md
CMDx::Middlewares::Timeout.call,Method,CMDx/Middlewares/Timeout.md#method-i-call
CMDx::Middlewares::Timeout.call,Method,CMDx/Middlewares/Timeout.md#method-c-call
CMDx::Validators::Presence,Module,CMDx/Validators/Presence.md
CMDx::Validators::Presence.call,Method,CMDx/Validators/Presence.md#method-i-call
CMDx::Validators::Presence.call,Method,CMDx/Validators/Presence.md#method-c-call
CMDx::Validators::Exclusion,Module,CMDx/Validators/Exclusion.md
CMDx::Validators::Exclusion.call,Method,CMDx/Validators/Exclusion.md#method-i-call
CMDx::Validators::Exclusion.call,Method,CMDx/Validators/Exclusion.md#method-c-call
CMDx::Validators::Inclusion,Module,CMDx/Validators/Inclusion.md
CMDx::Validators::Inclusion.call,Method,CMDx/Validators/Inclusion.md#method-i-call
CMDx::Validators::Inclusion.call,Method,CMDx/Validators/Inclusion.md#method-c-call
CMDx::Coercions::BigDecimal,Module,CMDx/Coercions/BigDecimal.md
CMDx::Coercions::BigDecimal.call,Method,CMDx/Coercions/BigDecimal.md#method-i-call
CMDx::Coercions::BigDecimal.call,Method,CMDx/Coercions/BigDecimal.md#method-c-call
CMDx::Middlewares::Correlate,Module,CMDx/Middlewares/Correlate.md
CMDx::Middlewares::Correlate.call,Method,CMDx/Middlewares/Correlate.md#method-i-call
CMDx::Middlewares::Correlate.clear,Method,CMDx/Middlewares/Correlate.md#method-i-clear
CMDx::Middlewares::Correlate.id,Method,CMDx/Middlewares/Correlate.md#method-i-id
CMDx::Middlewares::Correlate.id=,Method,CMDx/Middlewares/Correlate.md#method-i-id=
CMDx::Middlewares::Correlate.use,Method,CMDx/Middlewares/Correlate.md#method-i-use
CMDx::Middlewares::Correlate.call,Method,CMDx/Middlewares/Correlate.md#method-c-call
CMDx::Middlewares::Correlate.clear,Method,CMDx/Middlewares/Correlate.md#method-c-clear
CMDx::Middlewares::Correlate.id,Method,CMDx/Middlewares/Correlate.md#method-c-id
CMDx::Middlewares::Correlate.id=,Method,CMDx/Middlewares/Correlate.md#method-c-id=
CMDx::Middlewares::Correlate.use,Method,CMDx/Middlewares/Correlate.md#method-c-use
Cmdx,Module,Cmdx_.md
CMDx::Task,Class,CMDx/Task.md
CMDx::Task.execute,Method,CMDx/Task.md#method-i-execute
CMDx::Task.initialize,Method,CMDx/Task.md#method-i-initialize
CMDx::Task.logger,Method,CMDx/Task.md#method-i-logger
CMDx::Task.to_h,Method,CMDx/Task.md#method-i-to_h
CMDx::Task.to_s,Method,CMDx/Task.md#method-i-to_s
CMDx::Task.work,Method,CMDx/Task.md#method-i-work
CMDx::Task.attributes,Method,CMDx/Task.md#method-c-attributes
CMDx::Task.deregister,Method,CMDx/Task.md#method-c-deregister
CMDx::Task.execute,Method,CMDx/Task.md#method-c-execute
CMDx::Task.execute!,Method,CMDx/Task.md#method-c-execute!
CMDx::Task.optional,Method,CMDx/Task.md#method-c-optional
CMDx::Task.register,Method,CMDx/Task.md#method-c-register
CMDx::Task.remove_attributes,Method,CMDx/Task.md#method-c-remove_attributes
CMDx::Task.required,Method,CMDx/Task.md#method-c-required
CMDx::Task.settings,Method,CMDx/Task.md#method-c-settings
attributes,Attribute,CMDx/Task.md#attribute-i-attributes
chain,Attribute,CMDx/Task.md#attribute-i-chain
context,Attribute,CMDx/Task.md#attribute-i-context
errors,Attribute,CMDx/Task.md#attribute-i-errors
id,Attribute,CMDx/Task.md#attribute-i-id
result,Attribute,CMDx/Task.md#attribute-i-result
CMDx::Chain,Class,CMDx/Chain.md
CMDx::Chain.initialize,Method,CMDx/Chain.md#method-i-initialize
CMDx::Chain.to_h,Method,CMDx/Chain.md#method-i-to_h
CMDx::Chain.to_s,Method,CMDx/Chain.md#method-i-to_s
CMDx::Chain.build,Method,CMDx/Chain.md#method-c-build
CMDx::Chain.clear,Method,CMDx/Chain.md#method-c-clear
CMDx::Chain.current,Method,CMDx/Chain.md#method-c-current
CMDx::Chain.current=,Method,CMDx/Chain.md#method-c-current=
id,Attribute,CMDx/Chain.md#attribute-i-id
results,Attribute,CMDx/Chain.md#attribute-i-results
CMDx::Errors,Class,CMDx/Errors.md
CMDx::Errors.add,Method,CMDx/Errors.md#method-i-add
CMDx::Errors.for?,Method,CMDx/Errors.md#method-i-for?
CMDx::Errors.full_messages,Method,CMDx/Errors.md#method-i-full_messages
CMDx::Errors.initialize,Method,CMDx/Errors.md#method-i-initialize
CMDx::Errors.to_h,Method,CMDx/Errors.md#method-i-to_h
CMDx::Errors.to_hash,Method,CMDx/Errors.md#method-i-to_hash
CMDx::Errors.to_s,Method,CMDx/Errors.md#method-i-to_s
messages,Attribute,CMDx/Errors.md#attribute-i-messages
CMDx::Fault,Class,CMDx/Fault.md
CMDx::Fault.initialize,Method,CMDx/Fault.md#method-i-initialize
CMDx::Fault.for?,Method,CMDx/Fault.md#method-c-for?
CMDx::Fault.matches?,Method,CMDx/Fault.md#method-c-matches?
result,Attribute,CMDx/Fault.md#attribute-i-result
CMDx::Result,Class,CMDx/Result.md
CMDx::Result.bad?,Method,CMDx/Result.md#method-i-bad?
CMDx::Result.caused_failure,Method,CMDx/Result.md#method-i-caused_failure
CMDx::Result.caused_failure?,Method,CMDx/Result.md#method-i-caused_failure?
CMDx::Result.complete!,Method,CMDx/Result.md#method-i-complete!
CMDx::Result.deconstruct,Method,CMDx/Result.md#method-i-deconstruct
CMDx::Result.deconstruct_keys,Method,CMDx/Result.md#method-i-deconstruct_keys
CMDx::Result.executed!,Method,CMDx/Result.md#method-i-executed!
CMDx::Result.executed?,Method,CMDx/Result.md#method-i-executed?
CMDx::Result.executing!,Method,CMDx/Result.md#method-i-executing!
CMDx::Result.fail!,Method,CMDx/Result.md#method-i-fail!
CMDx::Result.good?,Method,CMDx/Result.md#method-i-good?
CMDx::Result.halt!,Method,CMDx/Result.md#method-i-halt!
CMDx::Result.handle_bad,Method,CMDx/Result.md#method-i-handle_bad
CMDx::Result.handle_executed,Method,CMDx/Result.md#method-i-handle_executed
CMDx::Result.handle_good,Method,CMDx/Result.md#method-i-handle_good
CMDx::Result.index,Method,CMDx/Result.md#method-i-index
CMDx::Result.initialize,Method,CMDx/Result.md#method-i-initialize
CMDx::Result.interrupt!,Method,CMDx/Result.md#method-i-interrupt!
CMDx::Result.outcome,Method,CMDx/Result.md#method-i-outcome
CMDx::Result.skip!,Method,CMDx/Result.md#method-i-skip!
CMDx::Result.threw_failure,Method,CMDx/Result.md#method-i-threw_failure
CMDx::Result.threw_failure?,Method,CMDx/Result.md#method-i-threw_failure?
CMDx::Result.throw!,Method,CMDx/Result.md#method-i-throw!
CMDx::Result.thrown_failure?,Method,CMDx/Result.md#method-i-thrown_failure?
CMDx::Result.to_h,Method,CMDx/Result.md#method-i-to_h
CMDx::Result.to_s,Method,CMDx/Result.md#method-i-to_s
cause,Attribute,CMDx/Result.md#attribute-i-cause
metadata,Attribute,CMDx/Result.md#attribute-i-metadata
reason,Attribute,CMDx/Result.md#attribute-i-reason
state,Attribute,CMDx/Result.md#attribute-i-state
status,Attribute,CMDx/Result.md#attribute-i-status
task,Attribute,CMDx/Result.md#attribute-i-task
CMDx::Context,Class,CMDx/Context.md
CMDx::Context.[],Method,CMDx/Context.md#method-i-[]
CMDx::Context.delete!,Method,CMDx/Context.md#method-i-delete!
CMDx::Context.dig,Method,CMDx/Context.md#method-i-dig
CMDx::Context.eql?,Method,CMDx/Context.md#method-i-eql?
CMDx::Context.fetch,Method,CMDx/Context.md#method-i-fetch
CMDx::Context.fetch_or_store,Method,CMDx/Context.md#method-i-fetch_or_store
CMDx::Context.initialize,Method,CMDx/Context.md#method-i-initialize
CMDx::Context.key?,Method,CMDx/Context.md#method-i-key?
CMDx::Context.merge!,Method,CMDx/Context.md#method-i-merge!
CMDx::Context.store,Method,CMDx/Context.md#method-i-store
CMDx::Context.to_s,Method,CMDx/Context.md#method-i-to_s
CMDx::Context.build,Method,CMDx/Context.md#method-c-build
table,Attribute,CMDx/Context.md#attribute-i-table
CMDx::Railtie,Class,CMDx/Railtie.md
CMDx::Executor,Class,CMDx/Executor.md
CMDx::Executor.execute,Method,CMDx/Executor.md#method-i-execute
CMDx::Executor.execute!,Method,CMDx/Executor.md#method-i-execute!
CMDx::Executor.initialize,Method,CMDx/Executor.md#method-i-initialize
CMDx::Executor.execute,Method,CMDx/Executor.md#method-c-execute
task,Attribute,CMDx/Executor.md#attribute-i-task
CMDx::Pipeline,Class,CMDx/Pipeline.md
CMDx::Pipeline.execute,Method,CMDx/Pipeline.md#method-i-execute
CMDx::Pipeline.initialize,Method,CMDx/Pipeline.md#method-i-initialize
CMDx::Pipeline.execute,Method,CMDx/Pipeline.md#method-c-execute
workflow,Attribute,CMDx/Pipeline.md#attribute-i-workflow
CMDx::Workflow::ExecutionGroup,Class,CMDx/Workflow/ExecutionGroup.md
options,Attribute,CMDx/Workflow/ExecutionGroup.md#attribute-i-options
tasks,Attribute,CMDx/Workflow/ExecutionGroup.md#attribute-i-tasks
CMDx::Attribute,Class,CMDx/Attribute.md
CMDx::Attribute.define_and_verify_tree,Method,CMDx/Attribute.md#method-i-define_and_verify_tree
CMDx::Attribute.initialize,Method,CMDx/Attribute.md#method-i-initialize
CMDx::Attribute.method_name,Method,CMDx/Attribute.md#method-i-method_name
CMDx::Attribute.required?,Method,CMDx/Attribute.md#method-i-required?
CMDx::Attribute.source,Method,CMDx/Attribute.md#method-i-source
CMDx::Attribute.build,Method,CMDx/Attribute.md#method-c-build
CMDx::Attribute.optional,Method,CMDx/Attribute.md#method-c-optional
CMDx::Attribute.required,Method,CMDx/Attribute.md#method-c-required
children,Attribute,CMDx/Attribute.md#attribute-i-children
name,Attribute,CMDx/Attribute.md#attribute-i-name
options,Attribute,CMDx/Attribute.md#attribute-i-options
parent,Attribute,CMDx/Attribute.md#attribute-i-parent
task,Attribute,CMDx/Attribute.md#attribute-i-task
types,Attribute,CMDx/Attribute.md#attribute-i-types
CMDx::Configuration,Class,CMDx/Configuration.md
CMDx::Configuration.initialize,Method,CMDx/Configuration.md#method-i-initialize
CMDx::Configuration.to_h,Method,CMDx/Configuration.md#method-i-to_h
backtrace,Attribute,CMDx/Configuration.md#attribute-i-backtrace
backtrace_cleaner,Attribute,CMDx/Configuration.md#attribute-i-backtrace_cleaner
callbacks,Attribute,CMDx/Configuration.md#attribute-i-callbacks
coercions,Attribute,CMDx/Configuration.md#attribute-i-coercions
exception_handler,Attribute,CMDx/Configuration.md#attribute-i-exception_handler
logger,Attribute,CMDx/Configuration.md#attribute-i-logger
middlewares,Attribute,CMDx/Configuration.md#attribute-i-middlewares
rollback_on,Attribute,CMDx/Configuration.md#attribute-i-rollback_on
task_breakpoints,Attribute,CMDx/Configuration.md#attribute-i-task_breakpoints
validators,Attribute,CMDx/Configuration.md#attribute-i-validators
workflow_breakpoints,Attribute,CMDx/Configuration.md#attribute-i-workflow_breakpoints
CMDx::AttributeValue,Class,CMDx/AttributeValue.md
CMDx::AttributeValue.generate,Method,CMDx/AttributeValue.md#method-i-generate
CMDx::AttributeValue.initialize,Method,CMDx/AttributeValue.md#method-i-initialize
CMDx::AttributeValue.validate,Method,CMDx/AttributeValue.md#method-i-validate
CMDx::AttributeValue.value,Method,CMDx/AttributeValue.md#method-i-value
attribute,Attribute,CMDx/AttributeValue.md#attribute-i-attribute
CMDx::CallbackRegistry,Class,CMDx/CallbackRegistry.md
CMDx::CallbackRegistry.deregister,Method,CMDx/CallbackRegistry.md#method-i-deregister
CMDx::CallbackRegistry.dup,Method,CMDx/CallbackRegistry.md#method-i-dup
CMDx::CallbackRegistry.initialize,Method,CMDx/CallbackRegistry.md#method-i-initialize
CMDx::CallbackRegistry.invoke,Method,CMDx/CallbackRegistry.md#method-i-invoke
CMDx::CallbackRegistry.register,Method,CMDx/CallbackRegistry.md#method-i-register
registry,Attribute,CMDx/CallbackRegistry.md#attribute-i-registry
CMDx::CoercionRegistry,Class,CMDx/CoercionRegistry.md
CMDx::CoercionRegistry.coerce,Method,CMDx/CoercionRegistry.md#method-i-coerce
CMDx::CoercionRegistry.deregister,Method,CMDx/CoercionRegistry.md#method-i-deregister
CMDx::CoercionRegistry.dup,Method,CMDx/CoercionRegistry.md#method-i-dup
CMDx::CoercionRegistry.initialize,Method,CMDx/CoercionRegistry.md#method-i-initialize
CMDx::CoercionRegistry.register,Method,CMDx/CoercionRegistry.md#method-i-register
registry,Attribute,CMDx/CoercionRegistry.md#attribute-i-registry
CMDx::AttributeRegistry,Class,CMDx/AttributeRegistry.md
CMDx::AttributeRegistry.define_and_verify,Method,CMDx/AttributeRegistry.md#method-i-define_and_verify
CMDx::AttributeRegistry.deregister,Method,CMDx/AttributeRegistry.md#method-i-deregister
CMDx::AttributeRegistry.dup,Method,CMDx/AttributeRegistry.md#method-i-dup
CMDx::AttributeRegistry.initialize,Method,CMDx/AttributeRegistry.md#method-i-initialize
CMDx::AttributeRegistry.register,Method,CMDx/AttributeRegistry.md#method-i-register
registry,Attribute,CMDx/AttributeRegistry.md#attribute-i-registry
CMDx::LogFormatters::Raw,Class,CMDx/LogFormatters/Raw.md
CMDx::LogFormatters::Raw.call,Method,CMDx/LogFormatters/Raw.md#method-i-call
CMDx::ValidatorRegistry,Class,CMDx/ValidatorRegistry.md
CMDx::ValidatorRegistry.deregister,Method,CMDx/ValidatorRegistry.md#method-i-deregister
CMDx::ValidatorRegistry.dup,Method,CMDx/ValidatorRegistry.md#method-i-dup
CMDx::ValidatorRegistry.initialize,Method,CMDx/ValidatorRegistry.md#method-i-initialize
CMDx::ValidatorRegistry.register,Method,CMDx/ValidatorRegistry.md#method-i-register
CMDx::ValidatorRegistry.validate,Method,CMDx/ValidatorRegistry.md#method-i-validate
registry,Attribute,CMDx/ValidatorRegistry.md#attribute-i-registry
CMDx::LogFormatters::JSON,Class,CMDx/LogFormatters/JSON.md
CMDx::LogFormatters::JSON.call,Method,CMDx/LogFormatters/JSON.md#method-i-call
CMDx::LogFormatters::Line,Class,CMDx/LogFormatters/Line.md
CMDx::LogFormatters::Line.call,Method,CMDx/LogFormatters/Line.md#method-i-call
CMDx::MiddlewareRegistry,Class,CMDx/MiddlewareRegistry.md
CMDx::MiddlewareRegistry.call!,Method,CMDx/MiddlewareRegistry.md#method-i-call!
CMDx::MiddlewareRegistry.deregister,Method,CMDx/MiddlewareRegistry.md#method-i-deregister
CMDx::MiddlewareRegistry.dup,Method,CMDx/MiddlewareRegistry.md#method-i-dup
CMDx::MiddlewareRegistry.initialize,Method,CMDx/MiddlewareRegistry.md#method-i-initialize
CMDx::MiddlewareRegistry.register,Method,CMDx/MiddlewareRegistry.md#method-i-register
registry,Attribute,CMDx/MiddlewareRegistry.md#attribute-i-registry
CMDx::LogFormatters::Logstash,Class,CMDx/LogFormatters/Logstash.md
CMDx::LogFormatters::Logstash.call,Method,CMDx/LogFormatters/Logstash.md#method-i-call
CMDx::LogFormatters::KeyValue,Class,CMDx/LogFormatters/KeyValue.md
CMDx::LogFormatters::KeyValue.call,Method,CMDx/LogFormatters/KeyValue.md#method-i-call
Cmdx::TaskGenerator,Class,Cmdx/TaskGenerator.md
Cmdx::TaskGenerator.copy_files,Method,Cmdx/TaskGenerator.md#method-i-copy_files
Cmdx::LocaleGenerator,Class,Cmdx/LocaleGenerator.md
Cmdx::LocaleGenerator.copy_locale_files,Method,Cmdx/LocaleGenerator.md#method-i-copy_locale_files
Cmdx::InstallGenerator,Class,Cmdx/InstallGenerator.md
Cmdx::InstallGenerator.copy_initializer_file,Method,Cmdx/InstallGenerator.md#method-i-copy_initializer_file
Cmdx::WorkflowGenerator,Class,Cmdx/WorkflowGenerator.md
Cmdx::WorkflowGenerator.copy_files,Method,Cmdx/WorkflowGenerator.md#method-i-copy_files
